geoid,boundaryYear,window,religion,closed,per10k,nOpen
01,2010,2000_2006,all_religions,1566,0.7056,190177.0
02,2010,2000_2006,all_religions,109,0.7382,12136.0
04,2010,2000_2006,all_religions,732,0.8474,32030.0
05,2010,2000_2006,all_religions,859,0.6993,108906.0
06,2010,2000_2006,all_religions,5869,0.868,256408.0
08,2010,2000_2006,all_religions,829,0.9533,39607.0
09,2010,2000_2006,all_religions,732,0.9223,37889.0
10,2010,2000_2006,all_religions,170,0.5134,29204.0
11,2010,2000_2006,all_religions,263,0.9065,21145.0
12,2010,2000_2006,all_religions,3584,0.708,266826.0
13,2010,2000_2006,all_religions,2169,0.5687,269078.0
15,2010,2000_2006,all_religions,200,0.7716,13433.0
16,2010,2000_2006,all_religions,276,0.6641,20779.0
17,2010,2000_2006,all_religions,3185,1.0429,168196.0
18,2010,2000_2006,all_religions,1942,0.9463,114677.0
19,2010,2000_2006,all_religions,727,0.8676,45816.0
20,2010,2000_2006,all_religions,714,0.8968,50159.0
21,2010,2000_2006,all_religions,995,0.7376,99844.0
22,2010,2000_2006,all_religions,1226,0.8143,148057.0
23,2010,2000_2006,all_religions,191,0.7827,12703.0
24,2010,2000_2006,all_religions,1580,1.0178,75606.0
25,2010,2000_2006,all_religions,701,0.8103,30298.0
26,2010,2000_2006,all_religions,2248,1.0003,117883.0
27,2010,2000_2006,all_religions,925,0.7997,51378.0
28,2010,2000_2006,all_religions,1036,0.6986,178066.0
29,2010,2000_2006,all_religions,1738,0.9001,126767.0
30,2010,2000_2006,all_religions,217,1.0793,13144.0
31,2010,2000_2006,all_religions,336,0.8643,22233.0
32,2010,2000_2006,all_religions,351,1.1379,14712.0
33,2010,2000_2006,all_religions,143,0.7406,7213.0
34,2010,2000_2006,all_religions,2260,1.0572,106874.0
35,2010,2000_2006,all_religions,347,1.0237,18840.0
36,2010,2000_2006,all_religions,5966,1.1728,430214.0
37,2010,2000_2006,all_religions,2630,0.6641,366583.0
38,2010,2000_2006,all_religions,157,0.9297,9321.0
39,2010,2000_2006,all_religions,5710,1.3335,270140.0
40,2010,2000_2006,all_religions,1056,0.9264,97253.0
41,2010,2000_2006,all_religions,523,0.7301,29531.0
42,2010,2000_2006,all_religions,2770,0.7744,207869.0
44,2010,2000_2006,all_religions,96,0.6283,5028.0
45,2010,2000_2006,all_religions,1210,0.6128,193973.0
46,2010,2000_2006,all_religions,187,0.8711,11406.0
47,2010,2000_2006,all_religions,1761,0.6913,164883.0
48,2010,2000_2006,all_religions,5215,0.7716,479055.0
49,2010,2000_2006,all_religions,310,0.5259,46281.0
50,2010,2000_2006,all_religions,84,0.8697,4255.0
51,2010,2000_2006,all_religions,1984,0.7509,172693.0
53,2010,2000_2006,all_religions,957,0.8554,49395.0
54,2010,2000_2006,all_religions,629,1.03,62081.0
55,2010,2000_2006,all_religions,1073,0.8484,54180.0
56,2010,2000_2006,all_religions,117,0.8727,8738.0
01,2010,2007_2024,all_religions,9955,2.9852,283974.0
02,2010,2007_2024,all_religions,748,2.3166,34130.0
04,2010,2007_2024,all_religions,4042,2.2795,85428.0
05,2010,2007_2024,all_religions,5816,2.9892,170918.0
06,2010,2007_2024,all_religions,26521,2.1654,618100.0
08,2010,2007_2024,all_religions,3874,2.3177,92894.0
09,2010,2007_2024,all_religions,3826,2.9344,83119.0
10,2010,2007_2024,all_religions,1604,2.5802,49836.0
11,2010,2007_2024,all_religions,1312,3.4032,37922.0
12,2010,2007_2024,all_religions,19847,1.8996,645519.0
13,2010,2007_2024,all_religions,14721,2.1924,474429.0
15,2010,2007_2024,all_religions,874,1.9651,26578.0
16,2010,2007_2024,all_religions,1382,1.775,41774.0
17,2010,2007_2024,all_religions,13200,2.9395,240947.0
18,2010,2007_2024,all_religions,7922,2.6072,167034.0
19,2010,2007_2024,all_religions,3994,3.0921,71354.0
20,2010,2007_2024,all_religions,3791,3.0141,81270.0
21,2010,2007_2024,all_religions,6524,2.9414,171767.0
22,2010,2007_2024,all_religions,7546,3.0462,213841.0
23,2010,2007_2024,all_religions,1171,2.7492,21197.0
24,2010,2007_2024,all_religions,8861,2.9015,216525.0
25,2010,2007_2024,all_religions,4348,2.5585,87858.0
26,2010,2007_2024,all_religions,10104,3.0533,187802.0
27,2010,2007_2024,all_religions,5009,2.6538,97933.0
28,2010,2007_2024,all_religions,6604,3.0742,224932.0
29,2010,2007_2024,all_religions,8452,2.8649,199217.0
30,2010,2007_2024,all_religions,1015,2.7095,24994.0
31,2010,2007_2024,all_religions,2142,3.1605,41529.0
32,2010,2007_2024,all_religions,1559,2.4425,36215.0
33,2010,2007_2024,all_religions,797,2.1683,16383.0
34,2010,2007_2024,all_religions,10280,2.9992,205730.0
35,2010,2007_2024,all_religions,1580,2.5116,36034.0
36,2010,2007_2024,all_religions,26353,3.4964,745733.0
37,2010,2007_2024,all_religions,15730,2.4133,549060.0
38,2010,2007_2024,all_religions,934,2.5901,21737.0
39,2010,2007_2024,all_religions,18819,3.519,345572.0
40,2010,2007_2024,all_religions,5464,2.8524,155580.0
41,2010,2007_2024,all_religions,2980,2.2519,61746.0
42,2010,2007_2024,all_religions,15936,2.9118,333182.0
44,2010,2007_2024,all_religions,800,2.7494,15091.0
45,2010,2007_2024,all_religions,8202,2.5077,306768.0
46,2010,2007_2024,all_religions,1082,2.6426,26542.0
47,2010,2007_2024,all_religions,10013,2.5634,267770.0
48,2010,2007_2024,all_religions,30167,2.4633,851047.0
49,2010,2007_2024,all_religions,2438,2.1937,99829.0
50,2010,2007_2024,all_religions,484,2.3703,9298.0
51,2010,2007_2024,all_religions,10233,2.4524,281236.0
53,2010,2007_2024,all_religions,4750,2.356,104353.0
54,2010,2007_2024,all_religions,3449,3.4063,101921.0
55,2010,2007_2024,all_religions,5416,2.6335,104347.0
56,2010,2007_2024,all_religions,604,2.3324,17956.0
01,2010,2010_2015,all_religions,1691,0.731,137528.0
02,2010,2010_2015,all_religions,114,0.5427,15216.0
04,2010,2010_2015,all_religions,567,0.5318,33159.0
05,2010,2010_2015,all_religions,1005,0.7598,82739.0
06,2010,2010_2015,all_religions,3434,0.5211,191944.0
08,2010,2010_2015,all_religions,475,0.4827,33573.0
09,2010,2010_2015,all_religions,476,0.5894,32535.0
10,2010,2010_2015,all_religions,298,0.7216,20909.0
11,2010,2010_2015,all_religions,168,0.7075,14040.0
12,2010,2010_2015,all_religions,2479,0.4505,208171.0
13,2010,2010_2015,all_religions,2131,0.5031,197710.0
15,2010,2010_2015,all_religions,165,0.5779,10821.0
16,2010,2010_2015,all_religions,226,0.4621,17849.0
17,2010,2010_2015,all_religions,2060,0.7103,106623.0
18,2010,2010_2015,all_religions,1501,0.7592,71735.0
19,2010,2010_2015,all_religions,591,0.6861,32828.0
20,2010,2010_2015,all_religions,659,0.7788,37417.0
21,2010,2010_2015,all_religions,1196,0.8255,76313.0
22,2010,2010_2015,all_religions,1445,0.8758,100587.0
23,2010,2010_2015,all_religions,204,0.6995,9656.0
24,2010,2010_2015,all_religions,1142,0.6421,78500.0
25,2010,2010_2015,all_religions,524,0.5044,32968.0
26,2010,2010_2015,all_religions,1415,0.6449,85048.0
27,2010,2010_2015,all_religions,758,0.6163,42487.0
28,2010,2010_2015,all_religions,1348,0.9067,109919.0
29,2010,2010_2015,all_religions,1620,0.8396,88736.0
30,2010,2010_2015,all_religions,198,0.7871,11314.0
31,2010,2010_2015,all_religions,314,0.6777,20348.0
32,2010,2010_2015,all_religions,189,0.5526,11356.0
33,2010,2010_2015,all_religions,93,0.3918,6790.0
34,2010,2010_2015,all_religions,1575,0.7177,84931.0
35,2010,2010_2015,all_religions,259,0.627,15136.0
36,2010,2010_2015,all_religions,4578,1.004,277773.0
37,2010,2010_2015,all_religions,2712,0.6384,241567.0
38,2010,2010_2015,all_religions,182,0.7659,10048.0
39,2010,2010_2015,all_religions,2781,0.7875,153540.0
40,2010,2010_2015,all_religions,1165,0.9142,69860.0
41,2010,2010_2015,all_religions,468,0.5482,25764.0
42,2010,2010_2015,all_religions,2474,0.6795,149503.0
44,2010,2010_2015,all_religions,104,0.5728,5923.0
45,2010,2010_2015,all_religions,1909,0.8782,139709.0
46,2010,2010_2015,all_religions,181,0.6632,11783.0
47,2010,2010_2015,all_religions,1784,0.6818,119286.0
48,2010,2010_2015,all_religions,4851,0.6748,334397.0
49,2010,2010_2015,all_religions,201,0.306,41320.0
50,2010,2010_2015,all_religions,67,0.5031,3939.0
51,2010,2010_2015,all_religions,1823,0.6718,127927.0
53,2010,2010_2015,all_religions,728,0.5676,42638.0
54,2010,2010_2015,all_religions,661,0.9331,51000.0
55,2010,2010_2015,all_religions,969,0.7205,46077.0
56,2010,2010_2015,all_religions,102,0.5788,8328.0
